id,type,question,options,answer,category_big,category_small
225,single_choice,大语言模型（LLM）主要基于以下哪种人工智能技术？,"{""A"": ""决策树"", ""B"": ""深度学习"", ""C"": ""支持向量机"", ""D"": ""强化学习""}",B,科技,人工智能
226,single_choice,Transformer 结构的核心机制是什么？,"{""A"": ""递归神经网络（RNN）"", ""B"": ""卷积神经网络（CNN）"", ""C"": ""注意力机制（Attention）"", ""D"": ""强化学习（Reinforcement Learning）""}",C,科技,人工智能
227,single_choice,下列关于 GPT（生成式预训练模型）的描述正确的是？,"{""A"": ""GPT 使用双向 Transformer 进行训练"", ""B"": ""GPT 主要用于图像处理任务"", ""C"": ""GPT 采用无监督学习进行预训练"", ""D"": ""GPT 不需要大规模数据集进行训练""}",C,科技,人工智能
228,single_choice,大语言模型通常采用什么方式进行微调（Fine-tuning）？,"{""A"": ""使用小规模特定领域数据进一步训练"", ""B"": ""直接修改模型参数"", ""C"": ""使用强化学习进行训练"", ""D"": ""重新从零训练模型""}",A,科技,人工智能
229,single_choice,以下哪项不是大模型的主要挑战？,"{""A"": ""计算资源消耗大"", ""B"": ""数据需求量大"", ""C"": ""容易过拟合小数据集"", ""D"": ""可以完美理解所有人类语言""}",D,科技,人工智能
230,single_choice,ChatGPT 是基于哪种类型的预训练方法？,"{""A"": ""无监督学习"", ""B"": ""有监督学习"", ""C"": ""强化学习"", ""D"": ""半监督学习""}",A,科技,人工智能
231,single_choice,下列关于大模型训练数据的说法错误的是？,"{""A"": ""数据越多，模型效果就一定越好"", ""B"": ""数据质量对模型表现至关重要"", ""C"": ""去重和清洗数据可以提高训练效果"", ""D"": ""数据标注有助于提升监督学习任务的效果""}",A,科技,人工智能
232,single_choice,大语言模型可以用于哪些实际应用？,"{""A"": ""文本生成"", ""B"": ""代码自动补全"", ""C"": ""自动摘要"", ""D"": ""以上都是""}",D,科技,人工智能
233,single_choice,RLHF（基于人类反馈的强化学习）在 ChatGPT 训练中的作用是什么？,"{""A"": ""提高模型的计算速度"", ""B"": ""帮助模型更符合人类偏好"", ""C"": ""减少训练数据的需求"", ""D"": ""让模型能够进行多模态学习""}",B,科技,人工智能
234,single_choice,哪种方法可以用于提高大语言模型的推理速度？,"{""A"": ""增加训练数据"", ""B"": ""使用模型蒸馏（Distillation）"", ""C"": ""扩大模型参数量"", ""D"": ""减少训练步数""}",B,科技,人工智能
235,single_choice,大语言模型（LLM）的主要训练方法是？,"{""A"": ""监督学习"", ""B"": ""无监督学习"", ""C"": ""半监督学习"", ""D"": ""强化学习""}",B,科技,人工智能
236,single_choice,Transformer 结构中的关键模块是？,"{""A"": ""池化层（Pooling Layer）"", ""B"": ""循环神经网络（RNN）"", ""C"": ""注意力机制（Attention Mechanism）"", ""D"": ""归一化层（Normalization Layer）""}",C,科技,人工智能
237,single_choice,以下关于 GPT 模型的说法正确的是？,"{""A"": ""GPT 采用自回归（Auto-Regressive）方式生成文本"", ""B"": ""GPT 只能用于翻译任务"", ""C"": ""GPT 的训练不需要大量数据"", ""D"": ""GPT 采用 CNN 作为基础架构""}",A,科技,人工智能
238,single_choice,BERT 和 GPT 的主要区别是？,"{""A"": ""BERT 采用自回归方式，而 GPT 采用自编码方式"", ""B"": ""BERT 是双向模型，而 GPT 是单向模型"", ""C"": ""GPT 主要用于文本分类，而 BERT 主要用于文本生成"", ""D"": ""两者没有任何区别""}",B,科技,人工智能
239,single_choice,在大模型训练过程中，梯度下降的作用是什么？,"{""A"": ""更新模型参数以减少损失"", ""B"": ""提高计算速度"", ""C"": ""生成新的数据"", ""D"": ""减少训练数据的大小""}",A,科技,人工智能
240,single_choice,在大模型推理过程中，为什么需要量化（Quantization）？,"{""A"": ""降低计算成本，提高推理速度"", ""B"": ""增加模型的复杂度"", ""C"": ""提高模型的训练时间"", ""D"": ""使模型可以在任何设备上运行""}",A,科技,人工智能
241,single_choice,大模型的训练通常使用哪些硬件？,"{""A"": ""中央处理器（CPU）"", ""B"": ""图形处理单元（GPU）"", ""C"": ""张量处理单元（TPU）"", ""D"": ""以上都是""}",D,科技,人工智能
242,single_choice,大模型容易出现幻觉（Hallucination），这意味着什么？,"{""A"": ""模型会随机生成无意义的文本"", ""B"": ""模型会生成不真实或不准确的信息"", ""C"": ""模型无法理解上下文"", ""D"": ""模型的计算速度降低""}",B,科技,人工智能
243,single_choice,RLHF（基于人类反馈的强化学习）在训练大模型时的作用是什么？,"{""A"": ""使模型更符合人类偏好"", ""B"": ""提高计算速度"", ""C"": ""减少模型的参数量"", ""D"": ""降低数据的需求""}",A,科技,人工智能
244,single_choice,以下哪种方法可以减少大模型的计算成本？,"{""A"": ""使用更大的数据集"", ""B"": ""增加模型参数量"", ""C"": ""使用知识蒸馏（Knowledge Distillation）"", ""D"": ""训练更多的模型""}",C,科技,人工智能
245,single_choice,大语言模型的主要优势包括以下哪些？,"{""A"": ""能够处理复杂的自然语言任务"", ""B"": ""可以高效地执行计算密集型任务"", ""C"": ""能够通过大规模数据学习模式"", ""D"": ""以上都是""}",D,科技,人工智能
246,single_choice,大模型训练过程中常用的优化算法是？,"{""A"": ""随机梯度下降（SGD）"", ""B"": ""遗传算法（Genetic Algorithm）"", ""C"": ""A* 搜索算法"", ""D"": ""动态规划（Dynamic Programming）""}",A,科技,人工智能
247,single_choice,大模型中的“零样本学习”（Zero-shot Learning）是什么意思？,"{""A"": ""模型可以在没有训练数据的情况下进行推理"", ""B"": ""模型在没有参数的情况下进行训练"", ""C"": ""模型只需一个训练样本即可进行学习"", ""D"": ""模型完全依赖于监督学习""}",A,科技,人工智能
248,single_choice,大模型在推理时的计算复杂度主要受哪一因素影响？,"{""A"": ""输入序列的长度"", ""B"": ""模型的层数"", ""C"": ""训练数据的规模"", ""D"": ""激活函数的选择""}",A,科技,人工智能
249,single_choice,以下哪种方法可以用于减少大模型的能耗？,"{""A"": ""使用更大的训练数据"", ""B"": ""减少训练轮次"", ""C"": ""模型剪枝（Pruning）"", ""D"": ""使用更多的 GPU""}",C,科技,人工智能
250,single_choice,大模型在多模态任务中的作用是什么？,"{""A"": ""仅处理文本任务"", ""B"": ""能够理解和生成文本、图像、音频等多种数据类型"", ""C"": ""只能用于语音识别"", ""D"": ""仅适用于计算机视觉""}",B,科技,人工智能
251,single_choice,以下哪项是大语言模型面临的伦理问题？,"{""A"": ""可能会生成带有偏见的信息"", ""B"": ""能够自动编写程序"", ""C"": ""可以提高翻译质量"", ""D"": ""可以用于聊天机器人""}",A,科技,人工智能
252,single_choice,参数高达千亿规模的大模型带来的主要挑战是什么？,"{""A"": ""计算资源需求极高"", ""B"": ""推理速度较慢"", ""C"": ""训练成本昂贵"", ""D"": ""以上都是""}",D,科技,人工智能
253,single_choice,在实际应用中，如何提高大模型的可控性？,"{""A"": ""使用人工标注数据进行微调"", ""B"": ""引入强化学习与人类反馈（RLHF）"", ""C"": ""在推理阶段加入控制机制，如提示词优化"", ""D"": ""以上都是""}",D,科技,人工智能
254,single_choice,以下哪种方式可以有效降低大模型在云端的推理成本？,"{""A"": ""使用分布式计算"", ""B"": ""采用更高精度的浮点计算"", ""C"": ""增加训练数据"", ""D"": ""避免使用模型压缩技术""}",A,科技,人工智能
255,single_choice,大语言模型的训练通常依赖于以下哪种数据？,"{""A"": ""结构化数据库"", ""B"": ""大规模非结构化文本数据"", ""C"": ""仅限于百科类数据"", ""D"": ""只使用人工标注的数据""}",B,科技,人工智能
256,single_choice,大模型的“参数高效微调”技术（PEFT）主要用于？,"{""A"": ""减少计算资源需求，提高微调效率"", ""B"": ""增加模型参数量"", ""C"": ""减少数据标注需求"", ""D"": ""提升推理速度""}",A,科技,人工智能
257,single_choice,提示学习（Prompt Learning）在大模型中的作用是？,"{""A"": ""调整神经网络结构"", ""B"": ""通过设计合理的提示词引导模型输出"", ""C"": ""减少训练数据需求"", ""D"": ""避免模型过拟合""}",B,科技,人工智能
258,single_choice,以下哪种方法有助于减少大模型的推理延迟？,"{""A"": ""使用更深的神经网络"", ""B"": ""采用模型蒸馏（Distillation）技术"", ""C"": ""增加训练数据规模"", ""D"": ""提升 GPU 计算精度""}",B,科技,人工智能
259,single_choice,大模型的“多模态”能力指的是什么？,"{""A"": ""只处理文本数据"", ""B"": ""仅用于图像生成"", ""C"": ""能够同时处理文本、图像、音频等多种数据"", ""D"": ""仅限于自然语言处理任务""}",C,科技,人工智能
260,single_choice,在实际应用中，大模型面临的数据隐私问题主要包括？,"{""A"": ""训练数据可能包含敏感信息"", ""B"": ""模型可能泄露训练数据"", ""C"": ""用户输入的数据可能被存储和利用"", ""D"": ""以上都是""}",D,科技,人工智能
261,single_choice,什么是“对抗攻击”（Adversarial Attack）在大模型中的影响？,"{""A"": ""可以导致模型生成错误的或误导性的内容"", ""B"": ""提升模型的推理速度"", ""C"": ""增强模型的安全性"", ""D"": ""减少训练时间""}",A,科技,人工智能
262,single_choice,为什么需要使用“连续学习”（Continual Learning）来优化大模型？,"{""A"": ""防止模型遗忘旧知识"", ""B"": ""减少计算资源消耗"", ""C"": ""加快训练速度"", ""D"": ""降低模型参数量""}",A,科技,人工智能
263,single_choice,以下哪种方法有助于减少大模型训练中的碳排放？,"{""A"": ""减少模型参数数量"", ""B"": ""使用绿色能源供电的数据中心"", ""C"": ""优化计算资源调度"", ""D"": ""以上都是""}",D,科技,人工智能
264,single_choice,如何在部署大模型时提高可扩展性？,"{""A"": ""使用分布式推理架构"", ""B"": ""增加数据存储量"", ""C"": ""采用低精度计算"", ""D"": ""减少训练数据""}",A,科技,人工智能
265,single_choice,大模型的训练过程中，批量归一化（Batch Normalization）的主要作用是？,"{""A"": ""提高模型计算速度"", ""B"": ""减少梯度消失或梯度爆炸问题"", ""C"": ""增加训练数据量"", ""D"": ""提升推理精度""}",B,科技,人工智能
266,single_choice,在大模型推理过程中，为什么使用 FP16（半精度浮点数）？,"{""A"": ""减少内存占用，提高计算效率"", ""B"": ""增加计算精度"", ""C"": ""避免数据丢失"", ""D"": ""减少训练数据需求""}",A,科技,人工智能
267,single_choice,"大模型中的“混合专家模型”（Mixture of Experts, MoE）主要用于？","{""A"": ""增加模型的计算复杂度"", ""B"": ""提高训练数据的质量"", ""C"": ""减少计算开销，提高推理效率"", ""D"": ""减少模型的泛化能力""}",C,科技,人工智能
268,single_choice,在大模型的训练过程中，常见的正则化技术有哪些？,"{""A"": ""L1/L2 正则化"", ""B"": ""Dropout"", ""C"": ""数据增强（Data Augmentation）"", ""D"": ""以上都是""}",D,科技,人工智能
269,single_choice,为什么 Transformer 结构中的注意力机制比传统 RNN 更适合处理长文本？,"{""A"": ""减少计算复杂度"", ""B"": ""避免梯度消失问题"", ""C"": ""能够捕捉长距离依赖关系"", ""D"": ""可以使用卷积操作""}",C,科技,人工智能
270,single_choice,大模型的知识蒸馏（Knowledge Distillation）主要用于？,"{""A"": ""减少模型参数，提高推理速度"", ""B"": ""增加模型的准确性"", ""C"": ""扩展训练数据"", ""D"": ""减少训练时间""}",A,科技,人工智能
271,single_choice,为什么大模型容易受到数据分布漂移（Data Distribution Shift）的影响？,"{""A"": ""模型的训练数据有限"", ""B"": ""现实数据的分布可能与训练数据不同"", ""C"": ""模型无法学习新的知识"", ""D"": ""计算能力不足""}",B,科技,人工智能
272,single_choice,在训练大模型时，如何提高计算效率？,"{""A"": ""使用混合精度训练（Mixed Precision Training）"", ""B"": ""采用数据并行或模型并行"", ""C"": ""优化硬件加速（如使用 TPU、GPU）"", ""D"": ""以上都是""}",D,科技,人工智能
273,single_choice,在大模型应用中，如何降低对抗攻击的影响？,"{""A"": ""使用鲁棒性增强技术"", ""B"": ""引入对抗训练"", ""C"": ""优化输入数据预处理"", ""D"": ""以上都是""}",D,科技,人工智能
274,single_choice,未来大模型的发展方向可能包括哪些？,"{""A"": ""更高效的训练方法"", ""B"": ""更可控的输出生成"", ""C"": ""更低的计算成本"", ""D"": ""以上都是""}",D,科技,人工智能
275,single_choice,自然语言处理（NLP）的主要目标是什么？,"{""A"": ""让计算机理解和处理人类语言"", ""B"": ""让计算机进行数学计算"", ""C"": ""让计算机运行操作系统"", ""D"": ""让计算机学习图像处理""}",A,科技,人工智能
276,single_choice,以下哪项是 NLP 的典型应用？,"{""A"": ""语音识别"", ""B"": ""机器翻译"", ""C"": ""情感分析"", ""D"": ""以上都是""}",D,科技,人工智能
277,single_choice,在 NLP 任务中，分词（Tokenization）的作用是什么？,"{""A"": ""将文本转换为句子或单词的序列"", ""B"": ""计算文本的长度"", ""C"": ""去除文本中的标点符号"", ""D"": ""将文本转换为图像""}",A,科技,人工智能
278,single_choice,词向量（Word Embeddings）的作用是什么？,"{""A"": ""将文本数据转换为数值表示"", ""B"": ""增加文本数据的长度"", ""C"": ""删除无关文本"", ""D"": ""减少计算时间""}",A,科技,人工智能
279,single_choice,以下哪种方法用于计算词语之间的语义相似性？,"{""A"": ""TF-IDF"", ""B"": ""余弦相似度（Cosine Similarity）"", ""C"": ""正则化"", ""D"": ""PCA""}",B,科技,人工智能
280,single_choice,在 NLP 任务中，LSTM（长短时记忆网络）用于解决什么问题？,"{""A"": ""文本分类"", ""B"": ""梯度消失问题"", ""C"": ""分词问题"", ""D"": ""文本预处理""}",B,科技,人工智能
281,single_choice,BERT（双向编码表示）相较于传统 NLP 模型的主要优势是什么？,"{""A"": ""能够双向理解上下文"", ""B"": ""能够减少数据集的规模"", ""C"": ""不需要训练数据"", ""D"": ""能够生成图像""}",A,科技,人工智能
282,single_choice,以下哪项是 NLP 预处理步骤的一部分？,"{""A"": ""去除停用词（Stop Words）"", ""B"": ""词形还原（Lemmatization）"", ""C"": ""标注词性（POS Tagging）"", ""D"": ""以上都是""}",D,科技,人工智能
283,single_choice,情感分析（Sentiment Analysis）的主要任务是什么？,"{""A"": ""分析文本的情感倾向"", ""B"": ""翻译文本"", ""C"": ""计算文本相似度"", ""D"": ""识别文本中的命名实体""}",A,科技,人工智能
284,single_choice,在 NLP 任务中，命名实体识别（NER）用于？,"{""A"": ""识别文本中的特定实体，如人名、地名、组织名等"", ""B"": ""翻译文本"", ""C"": ""计算文本长度"", ""D"": ""生成摘要""}",A,科技,人工智能
285,single_choice,自然语言处理（NLP）的主要目标是什么？,"{""A"": ""让计算机理解和处理人类语言"", ""B"": ""让计算机进行数学计算"", ""C"": ""让计算机运行操作系统"", ""D"": ""让计算机学习图像处理""}",A,科技,人工智能
286,single_choice,以下哪项是 NLP 的典型应用？,"{""A"": ""语音识别"", ""B"": ""机器翻译"", ""C"": ""情感分析"", ""D"": ""以上都是""}",D,科技,人工智能
287,single_choice,在 NLP 任务中，分词（Tokenization）的作用是什么？,"{""A"": ""将文本转换为句子或单词的序列"", ""B"": ""计算文本的长度"", ""C"": ""去除文本中的标点符号"", ""D"": ""将文本转换为图像""}",A,科技,人工智能
288,single_choice,词向量（Word Embeddings）的作用是什么？,"{""A"": ""将文本数据转换为数值表示"", ""B"": ""增加文本数据的长度"", ""C"": ""删除无关文本"", ""D"": ""减少计算时间""}",A,科技,人工智能
289,single_choice,以下哪种方法用于计算词语之间的语义相似性？,"{""A"": ""TF-IDF"", ""B"": ""余弦相似度（Cosine Similarity）"", ""C"": ""正则化"", ""D"": ""PCA""}",B,科技,人工智能
290,single_choice,在 NLP 任务中，LSTM（长短时记忆网络）用于解决什么问题？,"{""A"": ""文本分类"", ""B"": ""梯度消失问题"", ""C"": ""分词问题"", ""D"": ""文本预处理""}",B,科技,人工智能
291,single_choice,BERT（双向编码表示）相较于传统 NLP 模型的主要优势是什么？,"{""A"": ""能够双向理解上下文"", ""B"": ""能够减少数据集的规模"", ""C"": ""不需要训练数据"", ""D"": ""能够生成图像""}",A,科技,人工智能
292,single_choice,以下哪项是 NLP 预处理步骤的一部分？,"{""A"": ""去除停用词（Stop Words）"", ""B"": ""词形还原（Lemmatization）"", ""C"": ""标注词性（POS Tagging）"", ""D"": ""以上都是""}",D,科技,人工智能
293,single_choice,情感分析（Sentiment Analysis）的主要任务是什么？,"{""A"": ""分析文本的情感倾向"", ""B"": ""翻译文本"", ""C"": ""计算文本相似度"", ""D"": ""识别文本中的命名实体""}",A,科技,人工智能
294,single_choice,在 NLP 任务中，命名实体识别（NER）用于？,"{""A"": ""识别文本中的特定实体，如人名、地名、组织名等"", ""B"": ""翻译文本"", ""C"": ""计算文本长度"", ""D"": ""生成摘要""}",A,科技,人工智能
295,single_choice,以下哪项是 NLP 领域中的常见任务？,"{""A"": ""文本分类"", ""B"": ""命名实体识别（NER）"", ""C"": ""机器翻译"", ""D"": ""以上都是""}",D,科技,人工智能
296,single_choice,在 NLP 中，词形还原（Lemmatization）与词干提取（Stemming）的主要区别是什么？,"{""A"": ""Lemmatization 能识别单词的原型，而 Stemming 只是去掉词缀"", ""B"": ""Stemming 计算速度更慢"", ""C"": ""Lemmatization 只能用于英文"", ""D"": ""Stemming 能够提高词向量计算的精度""}",A,科技,人工智能
297,single_choice,在 NLP 中，POS（Part-of-Speech）标注的作用是什么？,"{""A"": ""标注单词的词性，例如名词、动词等"", ""B"": ""计算单词的频率"", ""C"": ""翻译文本"", ""D"": ""生成文本摘要""}",A,科技,人工智能
298,single_choice,在 NLP 任务中，预训练语言模型的主要优势是什么？,"{""A"": ""能够在少量数据上快速微调"", ""B"": ""能够学习更丰富的语义信息"", ""C"": ""能够适应多种 NLP 任务"", ""D"": ""以上都是""}",D,科技,人工智能
299,single_choice,什么是 NLP 任务中的“词汇鸿沟”问题？,"{""A"": ""不同语言的单词含义不同，导致翻译错误"", ""B"": ""训练数据和测试数据中的词汇分布不一致"", ""C"": ""文本处理过程中单词的拼写错误"", ""D"": ""语法结构差异导致解析错误""}",B,科技,人工智能
300,single_choice,以下哪种方法可以用于 NLP 任务中的数据增强？,"{""A"": ""同义词替换"", ""B"": ""随机删除单词"", ""C"": ""回译（Back Translation）"", ""D"": ""以上都是""}",D,科技,人工智能
301,single_choice,Transformer 结构中的自注意力机制（Self-Attention）的作用是什么？,"{""A"": ""计算文本中单词之间的关联性"", ""B"": ""减少计算复杂度"", ""C"": ""避免文本中的歧义"", ""D"": ""降低模型的训练时间""}",A,科技,人工智能
302,single_choice,在 NLP 任务中，哪种技术可以用于处理长文本？,"{""A"": ""位置编码（Positional Encoding）"", ""B"": ""RNN"", ""C"": ""长短时记忆网络（LSTM）"", ""D"": ""层次注意力（Hierarchical Attention）""}",D,科技,人工智能
303,single_choice,在 NLP 任务中，情感分析（Sentiment Analysis）常用于哪些应用场景？,"{""A"": ""社交媒体评论分析"", ""B"": ""市场情报分析"", ""C"": ""客户反馈分析"", ""D"": ""以上都是""}",D,科技,人工智能
304,single_choice,在 NLP 领域，零样本学习（Zero-shot Learning）的主要优势是什么？,"{""A"": ""无需特定领域的训练数据即可完成任务"", ""B"": ""减少模型的参数量"", ""C"": ""避免模型过拟合"", ""D"": ""提高文本摘要的准确性""}",A,科技,人工智能
305,single_choice,机器学习的主要目标是什么？,"{""A"": ""让计算机通过数据自动学习模式"", ""B"": ""让计算机编写代码"", ""C"": ""让计算机运行操作系统"", ""D"": ""让计算机学习绘画""}",A,科技,人工智能
306,single_choice,机器学习的主要分类包括哪几类？,"{""A"": ""监督学习、无监督学习、强化学习"", ""B"": ""深度学习、强化学习、回归学习"", ""C"": ""计算机视觉、自然语言处理、时间序列分析"", ""D"": ""神经网络、数据挖掘、分类模型""}",A,科技,人工智能
307,single_choice,在监督学习中，训练数据通常包括？,"{""A"": ""输入数据和对应的正确标签"", ""B"": ""只有输入数据，没有标签"", ""C"": ""一组随机数"", ""D"": ""仅包含文本信息""}",A,科技,人工智能
308,single_choice,以下哪项是常见的无监督学习算法？,"{""A"": ""K-Means 聚类"", ""B"": ""决策树"", ""C"": ""支持向量机（SVM）"", ""D"": ""线性回归""}",A,科技,人工智能
309,single_choice,以下哪项是深度学习（Deep Learning）的特点？,"{""A"": ""使用多层神经网络进行特征学习"", ""B"": ""不需要大规模数据"", ""C"": ""依赖于决策树进行预测"", ""D"": ""不使用梯度下降进行优化""}",A,科技,人工智能
310,single_choice,在机器学习中，过拟合（Overfitting）指的是什么？,"{""A"": ""模型在训练数据上表现很好，但在新数据上表现不佳"", ""B"": ""模型无法学习到数据的模式"", ""C"": ""模型训练数据不足"", ""D"": ""模型训练时间过长""}",A,科技,人工智能
311,single_choice,以下哪种方法可以防止过拟合？,"{""A"": ""使用正则化（Regularization）"", ""B"": ""增加模型复杂度"", ""C"": ""减少训练数据"", ""D"": ""使用较小的学习率""}",A,科技,人工智能
312,single_choice,机器学习模型的评估指标包括哪些？,"{""A"": ""准确率（Accuracy）、精确率（Precision）、召回率（Recall）"", ""B"": ""学习率（Learning Rate）和正则化参数"", ""C"": ""损失函数和激活函数"", ""D"": ""梯度下降和随机梯度下降""}",A,科技,人工智能
313,single_choice,强化学习（Reinforcement Learning）的核心概念是什么？,"{""A"": ""通过试错（Trial and Error）优化策略"", ""B"": ""使用标注数据进行训练"", ""C"": ""使用聚类算法进行分类"", ""D"": ""只适用于图像识别""}",A,科技,人工智能
314,single_choice,以下哪项是机器学习的常见应用？,"{""A"": ""自动驾驶"", ""B"": ""语音识别"", ""C"": ""推荐系统"", ""D"": ""以上都是""}",D,科技,人工智能
315,single_choice,机器学习的核心组成部分包括哪三大要素？,"{""A"": ""数据、模型、优化"", ""B"": ""硬件、软件、数据"", ""C"": ""特征工程、梯度下降、神经网络"", ""D"": ""输入、输出、存储""}",A,科技,人工智能
316,single_choice,监督学习中的分类任务的目标是什么？,"{""A"": ""将输入数据归类到不同类别"", ""B"": ""预测一个连续数值"", ""C"": ""对数据进行聚类"", ""D"": ""找到数据的主成分""}",A,科技,人工智能
317,single_choice,决策树模型在机器学习中的作用是什么？,"{""A"": ""用于分类和回归任务"", ""B"": ""只用于回归任务"", ""C"": ""只能用于监督学习"", ""D"": ""用于神经网络的训练""}",A,科技,人工智能
318,single_choice,随机森林（Random Forest）模型的优势是什么？,"{""A"": ""通过多个决策树减少过拟合"", ""B"": ""计算速度比单棵决策树快"", ""C"": ""不需要训练数据"", ""D"": ""只能用于小规模数据""}",A,科技,人工智能
319,single_choice,支持向量机（SVM）的核心思想是什么？,"{""A"": ""找到最优超平面以最大化类间间隔"", ""B"": ""使用随机森林进行分类"", ""C"": ""基于神经网络进行分类"", ""D"": ""用于回归任务""}",A,科技,人工智能
320,single_choice,什么是梯度下降（Gradient Descent）？,"{""A"": ""一种用于优化机器学习模型的算法"", ""B"": ""用于计算数据之间的相似度"", ""C"": ""用来增加数据量的技术"", ""D"": ""用于减少训练时间""}",A,科技,人工智能
321,single_choice,神经网络中的激活函数（Activation Function）作用是什么？,"{""A"": ""引入非线性，使模型能够学习复杂模式"", ""B"": ""减少计算资源消耗"", ""C"": ""降低数据噪声"", ""D"": ""提高数据存储能力""}",A,科技,人工智能
322,single_choice,在机器学习中，正则化（Regularization）的主要作用是？,"{""A"": ""减少模型的过拟合"", ""B"": ""增加模型的复杂度"", ""C"": ""提高计算速度"", ""D"": ""使模型更容易训练""}",A,科技,人工智能
323,single_choice,以下哪项是无监督学习的典型应用？,"{""A"": ""客户群体划分（Customer Segmentation）"", ""B"": ""垃圾邮件分类"", ""C"": ""手写数字识别"", ""D"": ""股票价格预测""}",A,科技,人工智能
324,single_choice,机器学习的未来发展趋势可能包括？,"{""A"": ""更高效的深度学习算法"", ""B"": ""更低能耗的计算模型"", ""C"": ""更强的模型可解释性"", ""D"": ""以上都是""}",D,科技,人工智能
325,single_choice,以下哪个是机器学习中的特征工程（Feature Engineering）的主要目标？,"{""A"": ""提高模型的学习能力"", ""B"": ""减少训练数据的数量"", ""C"": ""增加计算复杂度"", ""D"": ""去除所有数据中的异常值""}",A,科技,人工智能
326,single_choice,在回归问题中，均方误差（MSE）是用于衡量什么的？,"{""A"": ""预测值与真实值之间的误差"", ""B"": ""模型的计算复杂度"", ""C"": ""数据的分类准确性"", ""D"": ""数据集的大小""}",A,科技,人工智能
327,single_choice,在深度学习中，批量归一化（Batch Normalization）的作用是什么？,"{""A"": ""加速训练并稳定神经网络"", ""B"": ""减少模型参数的数量"", ""C"": ""避免梯度爆炸但不影响梯度消失"", ""D"": ""增加计算复杂度""}",A,科技,人工智能
328,single_choice,在机器学习中，主成分分析（PCA）是一种用于？,"{""A"": ""降维"", ""B"": ""分类"", ""C"": ""回归"", ""D"": ""聚类""}",A,科技,人工智能
329,single_choice,逻辑回归（Logistic Regression）主要用于？,"{""A"": ""分类任务"", ""B"": ""回归任务"", ""C"": ""聚类任务"", ""D"": ""数据清理""}",A,科技,人工智能
330,single_choice,在梯度下降（Gradient Descent）中，学习率（Learning Rate）过大会导致什么问题？,"{""A"": ""无法收敛或者震荡"", ""B"": ""训练时间过长"", ""C"": ""模型完全不学习"", ""D"": ""过拟合""}",A,科技,人工智能
331,single_choice,在深度学习中，卷积神经网络（CNN）主要用于？,"{""A"": ""图像处理"", ""B"": ""时间序列分析"", ""C"": ""文本分类"", ""D"": ""强化学习""}",A,科技,人工智能
332,single_choice,在机器学习模型评估中，F1-score 主要用于？,"{""A"": ""衡量模型在不平衡数据集上的表现"", ""B"": ""计算数据的方差"", ""C"": ""衡量模型的计算速度"", ""D"": ""评估数据集的大小""}",A,科技,人工智能
333,single_choice,K-近邻（KNN）算法在计算预测结果时依赖于什么？,"{""A"": ""训练数据的邻近样本"", ""B"": ""深度神经网络"", ""C"": ""梯度下降优化"", ""D"": ""数据的主成分""}",A,科技,人工智能
334,single_choice,在机器学习模型部署中，模型压缩（Model Compression）的主要目的是？,"{""A"": ""减少模型的计算资源需求"", ""B"": ""增加模型的准确性"", ""C"": ""提升模型的复杂性"", ""D"": ""增加模型的参数量""}",A,科技,人工智能
335,single_choice,在机器学习中，过拟合（Overfitting）通常是指什么？,"{""A"": ""模型在训练数据上表现很好，但在新数据上表现较差"", ""B"": ""模型无法收敛"", ""C"": ""模型的准确率较低"", ""D"": ""模型的训练数据太少""}",A,科技,人工智能
336,single_choice,以下哪种方法可以有效防止过拟合？,"{""A"": ""使用交叉验证（Cross Validation）"", ""B"": ""增加训练数据"", ""C"": ""使用正则化（Regularization）"", ""D"": ""以上都是""}",D,科技,人工智能
337,single_choice,机器学习中的梯度下降（Gradient Descent）方法用于？,"{""A"": ""优化模型参数，使损失函数最小化"", ""B"": ""计算数据的标准差"", ""C"": ""预测数据的类别"", ""D"": ""增加训练数据量""}",A,科技,人工智能
338,single_choice,哪种方法可以加速梯度下降的优化过程？,"{""A"": ""使用动量（Momentum）"", ""B"": ""采用学习率衰减（Learning Rate Decay）"", ""C"": ""使用 Adam 优化器"", ""D"": ""以上都是""}",D,科技,人工智能
339,single_choice,集成学习（Ensemble Learning）的主要优势是什么？,"{""A"": ""提高模型的泛化能力和稳定性"", ""B"": ""减少计算复杂度"", ""C"": ""避免模型训练"", ""D"": ""只适用于小规模数据""}",A,科技,人工智能
340,single_choice,以下哪种方法属于集成学习？,"{""A"": ""随机森林（Random Forest）"", ""B"": ""梯度提升树（Gradient Boosting Trees, GBDT）"", ""C"": ""Adaboost"", ""D"": ""以上都是""}",D,科技,人工智能
341,single_choice,在机器学习中，特征选择（Feature Selection）的主要目的是？,"{""A"": ""减少维度，提高训练效率"", ""B"": ""增加模型的计算复杂度"", ""C"": ""避免使用数据预处理"", ""D"": ""增加数据集的大小""}",A,科技,人工智能
342,single_choice,深度学习中的卷积神经网络（CNN）主要用于？,"{""A"": ""图像处理任务"", ""B"": ""时间序列分析"", ""C"": ""文本分类"", ""D"": ""强化学习""}",A,科技,人工智能
343,single_choice,在自然语言处理（NLP）任务中，循环神经网络（RNN）的主要作用是什么？,"{""A"": ""处理序列数据，如文本或语音"", ""B"": ""处理图像数据"", ""C"": ""进行非监督学习"", ""D"": ""增加模型的计算复杂度""}",A,科技,人工智能
344,single_choice,强化学习（Reinforcement Learning）在以下哪个应用场景中最常见？,"{""A"": ""机器人控制"", ""B"": ""自动驾驶"", ""C"": ""游戏 AI"", ""D"": ""以上都是""}",D,科技,人工智能
345,single_choice,大模型（Large Model）的主要特点是什么？,"{""A"": ""拥有海量参数"", ""B"": ""需要大规模计算资源"", ""C"": ""能够在多个任务上实现高效迁移学习"", ""D"": ""以上都是""}",D,科技,人工智能
346,single_choice,Transformer 结构的核心组件是什么？,"{""A"": ""循环神经网络（RNN）"", ""B"": ""卷积神经网络（CNN）"", ""C"": ""自注意力机制（Self-Attention）"", ""D"": ""决策树（Decision Tree）""}",C,科技,人工智能
347,single_choice,GPT 模型主要采用哪种训练方法？,"{""A"": ""自回归（Auto-Regressive）"", ""B"": ""双向编码（Bidirectional Encoding）"", ""C"": ""无监督聚类（Unsupervised Clustering）"", ""D"": ""强化学习（Reinforcement Learning）""}",A,科技,人工智能
348,single_choice,BERT 与 GPT 的主要区别是什么？,"{""A"": ""BERT 使用双向 Transformer，而 GPT 采用单向自回归"", ""B"": ""GPT 只能处理短文本，而 BERT 可用于长文本"", ""C"": ""BERT 主要用于图像生成，而 GPT 主要用于文本生成"", ""D"": ""两者没有区别""}",A,科技,人工智能
349,single_choice,大模型的训练通常依赖于以下哪种计算资源？,"{""A"": ""CPU"", ""B"": ""GPU 和 TPU"", ""C"": ""边缘计算设备"", ""D"": ""FPGA""}",B,科技,人工智能
350,single_choice,为什么大模型需要大量训练数据？,"{""A"": ""避免过拟合，提高泛化能力"", ""B"": ""提高计算复杂度"", ""C"": ""减少训练时间"", ""D"": ""优化存储效率""}",A,科技,人工智能
351,single_choice,大模型在训练过程中可能面临哪些挑战？,"{""A"": ""计算资源消耗大"", ""B"": ""数据存储和处理成本高"", ""C"": ""训练时间长"", ""D"": ""以上都是""}",D,科技,人工智能
352,single_choice,RLHF（基于人类反馈的强化学习）在 ChatGPT 训练中的作用是什么？,"{""A"": ""提高计算速度"", ""B"": ""帮助模型更符合人类偏好"", ""C"": ""减少训练数据的需求"", ""D"": ""增强模型的记忆能力""}",B,科技,人工智能
353,single_choice,大语言模型可以用于哪些实际应用？,"{""A"": ""文本生成"", ""B"": ""代码自动补全"", ""C"": ""自动摘要"", ""D"": ""以上都是""}",D,科技,人工智能
354,single_choice,哪种方法可以提高大模型的推理速度？,"{""A"": ""模型量化（Quantization）"", ""B"": ""模型剪枝（Pruning）"", ""C"": ""使用知识蒸馏（Knowledge Distillation）"", ""D"": ""以上都是""}",D,科技,人工智能
355,single_choice,在大模型训练中，为什么需要使用大规模数据集？,"{""A"": ""避免模型过拟合"", ""B"": ""提高模型的泛化能力"", ""C"": ""让模型学习更多模式和语境"", ""D"": ""以上都是""}",D,科技,人工智能
356,single_choice,大模型在推理时通常面临的主要挑战是什么？,"{""A"": ""计算成本高"", ""B"": ""推理速度慢"", ""C"": ""需要高效存储和调度"", ""D"": ""以上都是""}",D,科技,人工智能
357,single_choice,在大模型优化中，模型剪枝（Pruning）主要用于？,"{""A"": ""减少模型参数，提高推理速度"", ""B"": ""增加模型复杂度"", ""C"": ""减少训练数据"", ""D"": ""提高梯度更新速度""}",A,科技,人工智能
358,single_choice,知识蒸馏（Knowledge Distillation）如何优化大模型？,"{""A"": ""通过教师模型指导学生模型学习，提高效率"", ""B"": ""减少模型训练数据"", ""C"": ""增加计算复杂度"", ""D"": ""减少数据存储需求""}",A,科技,人工智能
359,single_choice,为什么大模型需要进行提示工程（Prompt Engineering）优化？,"{""A"": ""提高模型在特定任务上的表现"", ""B"": ""减少计算消耗"", ""C"": ""增强模型的可解释性"", ""D"": ""以上都是""}",D,科技,人工智能
360,single_choice,大模型如何在多模态任务（Multimodal Tasks）中发挥作用？,"{""A"": ""能够同时处理文本、图像和音频数据"", ""B"": ""只能处理单一类型的数据"", ""C"": ""只适用于文本处理"", ""D"": ""必须依赖外部数据转换""}",A,科技,人工智能
361,single_choice,为什么使用分布式训练（Distributed Training）进行大模型训练？,"{""A"": ""加速训练过程"", ""B"": ""减少单个计算节点的负担"", ""C"": ""可以训练更大规模的模型"", ""D"": ""以上都是""}",D,科技,人工智能
362,single_choice,自回归（Auto-Regressive）生成模型的特点是什么？,"{""A"": ""逐步生成文本，每一步依赖于前面的输出"", ""B"": ""可以同时预测整个句子"", ""C"": ""仅适用于分类任务"", ""D"": ""无法生成连贯的文本""}",A,科技,人工智能
363,single_choice,大模型的对齐（Alignment）指的是什么？,"{""A"": ""让模型的输出更符合人类期望和价值观"", ""B"": ""减少模型的计算复杂度"", ""C"": ""增加训练数据的多样性"", ""D"": ""优化模型的推理速度""}",A,科技,人工智能
364,single_choice,大模型在生产环境中的挑战包括哪些？,"{""A"": ""部署成本高"", ""B"": ""响应速度需要优化"", ""C"": ""数据隐私和安全性问题"", ""D"": ""以上都是""}",D,科技,人工智能
365,single_choice,为什么大模型需要进行微调（Fine-tuning）？,"{""A"": ""适应特定任务，提高性能"", ""B"": ""减少计算资源需求"", ""C"": ""降低数据存储成本"", ""D"": ""避免使用额外的训练数据""}",A,科技,人工智能
366,single_choice,大模型训练中的数据增强（Data Augmentation）主要用于？,"{""A"": ""增加数据的多样性，提高泛化能力"", ""B"": ""减少计算资源需求"", ""C"": ""提高模型的推理速度"", ""D"": ""减少数据存储需求""}",A,科技,人工智能
367,single_choice,在大模型推理过程中，使用模型量化（Quantization）的主要目的是？,"{""A"": ""降低计算成本，提高推理速度"", ""B"": ""增加模型的精度"", ""C"": ""减少训练时间"", ""D"": ""增强数据的多样性""}",A,科技,人工智能
368,single_choice,以下哪种方法可以有效减少大模型的存储需求？,"{""A"": ""参数共享（Parameter Sharing）"", ""B"": ""模型剪枝（Pruning）"", ""C"": ""知识蒸馏（Knowledge Distillation）"", ""D"": ""以上都是""}",D,科技,人工智能
369,single_choice,为什么多模态大模型（Multimodal Large Models）越来越受关注？,"{""A"": ""能够同时处理文本、图像、音频等不同模态数据"", ""B"": ""提高文本生成能力"", ""C"": ""只适用于自然语言处理任务"", ""D"": ""计算成本更低""}",A,科技,人工智能
370,single_choice,以下哪种技术可以提高大模型在低计算资源环境下的运行效率？,"{""A"": ""模型蒸馏（Distillation）"", ""B"": ""低秩近似（Low-rank Approximation）"", ""C"": ""Sparse Attention（稀疏注意力）"", ""D"": ""以上都是""}",D,科技,人工智能
371,single_choice,大模型的安全性挑战主要包括哪些方面？,"{""A"": ""训练数据可能包含偏见，导致输出结果存在偏差"", ""B"": ""模型可能被恶意使用，例如用于自动生成虚假信息"", ""C"": ""模型可能泄露训练数据，导致隐私问题"", ""D"": ""以上都是""}",D,科技,人工智能
372,single_choice,在对抗攻击（Adversarial Attack）环境下，大模型可能会？,"{""A"": ""受到精心设计的输入干扰，生成错误的输出"", ""B"": ""提高推理速度"", ""C"": ""减少计算复杂度"", ""D"": ""自动修正自身的错误""}",A,科技,人工智能
373,single_choice,为什么需要进行大模型对齐（Alignment）？,"{""A"": ""确保模型的输出符合伦理和社会价值观"", ""B"": ""提高模型的计算效率"", ""C"": ""减少模型的计算需求"", ""D"": ""优化数据存储""}",A,科技,人工智能
374,single_choice,大模型的未来发展方向可能包括哪些？,"{""A"": ""更高效的训练方法"", ""B"": ""更少的计算资源消耗"", ""C"": ""更强的可解释性和可控性"", ""D"": ""以上都是""}",D,科技,人工智能
375,single_choice,大模型的可解释性（Explainability）问题主要体现在？,"{""A"": ""模型决策过程难以理解"", ""B"": ""模型输出缺乏可追溯性"", ""C"": ""难以识别模型偏见来源"", ""D"": ""以上都是""}",D,科技,人工智能
376,single_choice,"在大模型训练过程中，使用混合专家模型（Mixture of Experts, MoE）的主要优点是什么？","{""A"": ""减少计算负担，提高推理效率"", ""B"": ""使模型能够处理更多类型的数据"", ""C"": ""降低对大规模数据集的依赖"", ""D"": ""提升训练数据的质量""}",A,科技,人工智能
377,single_choice,在大模型的训练过程中，为什么要进行数据去重（Data Deduplication）？,"{""A"": ""减少训练时间，提高数据多样性"", ""B"": ""降低存储成本"", ""C"": ""防止模型学习过于重复的信息"", ""D"": ""以上都是""}",D,科技,人工智能
378,single_choice,自监督学习（Self-Supervised Learning）在大模型训练中的作用是什么？,"{""A"": ""利用无标注数据进行预训练"", ""B"": ""减少对人工标注数据的依赖"", ""C"": ""提高模型的泛化能力"", ""D"": ""以上都是""}",D,科技,人工智能
379,single_choice,在多模态大模型（Multimodal Models）中，常见的融合技术有哪些？,"{""A"": ""早期融合（Early Fusion）"", ""B"": ""中期融合（Mid Fusion）"", ""C"": ""晚期融合（Late Fusion）"", ""D"": ""以上都是""}",D,科技,人工智能
380,single_choice,大模型在推理阶段的优化技术包括？,"{""A"": ""动态计算图（Dynamic Computation Graph）"", ""B"": ""缓存机制（Caching）"", ""C"": ""低精度推理（Low Precision Inference）"", ""D"": ""以上都是""}",D,科技,人工智能
381,single_choice,为什么大模型需要进行对抗训练（Adversarial Training）？,"{""A"": ""提高模型的鲁棒性，防御对抗攻击"", ""B"": ""增加计算复杂度"", ""C"": ""减少训练时间"", ""D"": ""降低数据存储需求""}",A,科技,人工智能
382,single_choice,在实际应用中，大模型的部署面临哪些挑战？,"{""A"": ""高计算资源需求"", ""B"": ""推理速度优化"", ""C"": ""模型安全性问题"", ""D"": ""以上都是""}",D,科技,人工智能
383,single_choice,训练一个超大规模语言模型可能涉及哪些技术？,"{""A"": ""分布式训练（Distributed Training）"", ""B"": ""混合精度训练（Mixed Precision Training）"", ""C"": ""自监督学习（Self-Supervised Learning）"", ""D"": ""以上都是""}",D,科技,人工智能
384,single_choice,未来大模型的发展趋势可能包括哪些方向？,"{""A"": ""更高效、更绿色的计算方法"", ""B"": ""增强对抗防御，提高安全性"", ""C"": ""提高模型的可解释性和可控性"", ""D"": ""以上都是""}",D,科技,人工智能
385,single_choice,大模型的能耗问题主要来源于？,"{""A"": ""大规模计算所需的电力消耗"", ""B"": ""训练过程中高强度的数据存储需求"", ""C"": ""推理时的高计算资源需求"", ""D"": ""以上都是""}",D,科技,人工智能
386,single_choice,以下哪种方法可以降低大模型的计算能耗？,"{""A"": ""使用更高效的计算硬件（如 TPU）"", ""B"": ""采用模型剪枝（Pruning）和蒸馏（Distillation）"", ""C"": ""优化训练算法，如混合精度训练（Mixed Precision Training）"", ""D"": ""以上都是""}",D,科技,人工智能
387,single_choice,在数据中心部署大模型时，主要面临哪些挑战？,"{""A"": ""高昂的计算和存储成本"", ""B"": ""散热和电力管理问题"", ""C"": ""低延迟推理需求"", ""D"": ""以上都是""}",D,科技,人工智能
388,single_choice,边缘计算（Edge Computing）如何优化大模型的推理？,"{""A"": ""减少数据传输延迟，提高响应速度"", ""B"": ""降低云计算的计算压力"", ""C"": ""允许设备端本地推理，减少对远程服务器的依赖"", ""D"": ""以上都是""}",D,科技,人工智能
389,single_choice,大模型在企业应用中的主要优势是什么？,"{""A"": ""能够处理复杂任务，如文本生成、翻译和自动编码"", ""B"": ""可以根据领域知识进行微调，适应特定业务需求"", ""C"": ""提高自动化水平，减少人工成本"", ""D"": ""以上都是""}",D,科技,人工智能
390,single_choice,多模态大模型（Multimodal Large Models）的核心优势是什么？,"{""A"": ""能够同时理解和生成文本、图像、音频等多种数据类型"", ""B"": ""仅适用于自然语言处理（NLP）任务"", ""C"": ""只能提高计算机视觉任务的精度"", ""D"": ""需要更多的计算资源，没有显著优势""}",A,科技,人工智能
391,single_choice,强化学习（Reinforcement Learning）在大模型优化中的作用是什么？,"{""A"": ""通过奖励机制优化模型输出"", ""B"": ""减少模型训练时间"", ""C"": ""优化计算硬件资源分配"", ""D"": ""降低数据存储需求""}",A,科技,人工智能
392,single_choice,大模型的对齐（Alignment）技术主要用于？,"{""A"": ""确保模型输出符合伦理标准和用户需求"", ""B"": ""提高计算速度"", ""C"": ""降低数据存储成本"", ""D"": ""减少计算资源需求""}",A,科技,人工智能
393,single_choice,随着大模型的发展，模型压缩（Model Compression）变得重要的主要原因是什么？,"{""A"": ""降低计算成本和存储需求"", ""B"": ""提高推理速度，使模型可用于低功耗设备"", ""C"": ""减少云计算资源的使用，提高可扩展性"", ""D"": ""以上都是""}",D,科技,人工智能
394,single_choice,未来大模型的发展可能会受到哪些因素的影响？,"{""A"": ""计算资源和能耗限制"", ""B"": ""数据隐私和伦理法规的加强"", ""C"": ""更高效的模型架构和优化算法的发展"", ""D"": ""以上都是""}",D,科技,人工智能
395,single_choice,图像处理的主要任务包括哪些？,"{""A"": ""图像增强"", ""B"": ""图像分割"", ""C"": ""特征提取"", ""D"": ""以上都是""}",D,科技,人工智能
396,single_choice,在数字图像处理中，常见的颜色空间包括？,"{""A"": ""RGB"", ""B"": ""HSV"", ""C"": ""CMYK"", ""D"": ""以上都是""}",D,科技,人工智能
397,single_choice,卷积（Convolution）在图像处理中的作用是什么？,"{""A"": ""提取图像的局部特征"", ""B"": ""增加图像的清晰度"", ""C"": ""降低计算复杂度"", ""D"": ""减少数据存储需求""}",A,科技,人工智能
398,single_choice,常用于图像去噪的滤波方法有哪些？,"{""A"": ""均值滤波"", ""B"": ""中值滤波"", ""C"": ""高斯滤波"", ""D"": ""以上都是""}",D,科技,人工智能
399,single_choice,直方图均衡化（Histogram Equalization）主要用于？,"{""A"": ""增强图像对比度"", ""B"": ""降低图像分辨率"", ""C"": ""去除噪声"", ""D"": ""转换颜色空间""}",A,科技,人工智能
400,single_choice,边缘检测（Edge Detection）常用的算法有哪些？,"{""A"": ""Sobel 算子"", ""B"": ""Canny 算子"", ""C"": ""Laplacian 算子"", ""D"": ""以上都是""}",D,科技,人工智能
401,single_choice,下列哪个是常见的图像压缩格式？,"{""A"": ""JPEG"", ""B"": ""PNG"", ""C"": ""GIF"", ""D"": ""以上都是""}",D,科技,人工智能
402,single_choice,在图像分割任务中，分割方法包括哪些？,"{""A"": ""基于阈值的分割"", ""B"": ""基于边缘检测的分割"", ""C"": ""基于区域生长的分割"", ""D"": ""以上都是""}",D,科技,人工智能
403,single_choice,卷积神经网络（CNN）在图像处理中常用于？,"{""A"": ""图像分类"", ""B"": ""目标检测"", ""C"": ""图像生成"", ""D"": ""以上都是""}",D,科技,人工智能
404,single_choice,以下哪种方法可用于图像超分辨率（Super-Resolution）？,"{""A"": ""双线性插值"", ""B"": ""深度学习模型（如 SRCNN、ESRGAN）"", ""C"": ""拉普拉斯金字塔"", ""D"": ""以上都是""}",D,科技,人工智能
405,single_choice,图像处理的主要目标是什么？,"{""A"": ""提高图像质量"", ""B"": ""提取有用的信息"", ""C"": ""增强视觉效果"", ""D"": ""以上都是""}",D,科技,人工智能
406,single_choice,高斯滤波的主要作用是什么？,"{""A"": ""去除图像噪声"", ""B"": ""增强图像的边缘"", ""C"": ""提高图像分辨率"", ""D"": ""改变图像的颜色空间""}",A,科技,人工智能
407,single_choice,图像的灰度化处理是指？,"{""A"": ""将彩色图像转换为灰度图像"", ""B"": ""增加图像的分辨率"", ""C"": ""改变图像的色彩饱和度"", ""D"": ""降低图像的对比度""}",A,科技,人工智能
408,single_choice,Canny 边缘检测算法的主要步骤包括哪些？,"{""A"": ""高斯滤波"", ""B"": ""计算梯度"", ""C"": ""非极大值抑制和双阈值检测"", ""D"": ""以上都是""}",D,科技,人工智能
409,single_choice,下列哪种方法用于图像的形态学处理？,"{""A"": ""膨胀（Dilation）"", ""B"": ""腐蚀（Erosion）"", ""C"": ""开运算（Opening）和闭运算（Closing）"", ""D"": ""以上都是""}",D,科技,人工智能
410,single_choice,傅里叶变换（Fourier Transform）在图像处理中用于？,"{""A"": ""分析图像的频率成分"", ""B"": ""提高图像的亮度"", ""C"": ""调整颜色饱和度"", ""D"": ""转换图像格式""}",A,科技,人工智能
411,single_choice,自适应阈值处理（Adaptive Thresholding）的主要优点是什么？,"{""A"": ""可以处理光照不均的图像"", ""B"": ""减少图像存储空间"", ""C"": ""增强图像的细节"", ""D"": ""提高计算速度""}",A,科技,人工智能
412,single_choice,图像配准（Image Registration）的作用是什么？,"{""A"": ""对不同时间或视角下的图像进行对齐"", ""B"": ""改变图像的颜色模式"", ""C"": ""增加图像的清晰度"", ""D"": ""减少图像的存储大小""}",A,科技,人工智能
413,single_choice,在深度学习的图像处理任务中，常见的数据增强（Data Augmentation）方法有哪些？,"{""A"": ""旋转和翻转"", ""B"": ""亮度调整和噪声添加"", ""C"": ""裁剪和缩放"", ""D"": ""以上都是""}",D,科技,人工智能
414,single_choice,GAN（生成对抗网络）在图像处理中的应用包括？,"{""A"": ""图像生成"", ""B"": ""图像修复"", ""C"": ""风格迁移"", ""D"": ""以上都是""}",D,科技,人工智能
595,single_choice,为Test类的一个无形式参数无返回值的方法method书写方法头，使得使用类名Test作为前缀就可以调用它，该方法头的形式为( ),"{""A"": ""static void method（）"", ""B"": ""public void method"", ""C"": ""protected void method（）"", ""D"": ""abstract void method（）""}",A,科技,基础编程
596,single_choice,类声明中，声明一个类不能再被继承的关键字是（）,"{""A"": ""public"", ""B"": ""abstract"", ""C"": ""final"", ""D"": ""static""}",C,科技,基础编程
597,single_choice,队列(Queue)是先进先出的。（  ）,"{""A"": ""正确"", ""B"": ""错误""}",A,科技,基础编程
598,single_choice,下列哪个语句语法正确？（ ）,"{""A"": ""byte y = 11; byte x = y +y;"", ""B"": ""String x = new Object();"", ""C"": ""Object x = new String(“Hellow”);"", ""D"": ""int a [11] = new int [11];""}",C,科技,基础编程
599,single_choice,从 E－R 模型向关系模型转换时，一个 M：N 联系转换为关系模式时，该关系模式的主码是（ ）。,"{""A"": ""M 端实体的主码"", ""B"": ""N 端实体的主码"", ""C"": ""M 端实体的主码与 N 端实体的主码组合"", ""D"": ""重新选取其他属性""}",C,科技,基础编程
600,single_choice,Java 中，下面代码会出现编译错误的是（）,"{""A"": ""int[] arr = new int[]{1, 2, 3};"", ""B"": ""int[] arr = {1, 2, 3};"", ""C"": ""int arr[] = new int[3];"", ""D"": ""int arr[3] = {1, 2, 3};""}",D,科技,基础编程
601,single_choice,"以下多线程对int型变量x的操作,哪个不需要进行同步()","{""A"": ""++x"", ""B"": ""x=y"", ""C"": ""x++"", ""D"": ""x=1""}",D,科技,基础编程
602,single_choice,小明因为疫情需要在家办公，期间需要将自己计算机本地的文件夹（命名为 nowcoder）所有文件拷贝到实验室的远程服务器上（用户名为 root，ip 为 192.168.7.2）的 /file/ 目录下，可以用下面哪个命令实现（）,"{""A"": ""scp -r /nowcoder/ root@192.168.7.2:/file/"", ""B"": ""scp -r root@192.168.7.2:/file/ /nowcoder/"", ""C"": ""cp -r /nowcoder/ root@192.168.7.2:/file/"", ""D"": ""cp -r root@192.168.7.2:/file/ /nowcoder/""}",A,科技,基础编程
603,single_choice,在数据库的表定义中，限制成绩属性列的取值在0到100的范围内，属于数据的（ ）约束。,"{""A"": ""实体完整性"", ""B"": ""参照完整性"", ""C"": ""用户自定义"", ""D"": ""用户操作""}",C,科技,基础编程
604,single_choice,以下那种操作是专门用于完成对数据库数据的查询的？,"{""A"": ""DCL"", ""B"": ""DDL"", ""C"": ""DML"", ""D"": ""DQL""}",D,科技,基础编程
605,single_choice,"网络管理员编写了shell程序prog1.sh,测试时程序死循环无法结束,可以通过下列方式结束程序（      ）","{""A"": ""ctrl+C"", ""B"": ""esc"", ""C"": ""Alt F2 kill 进程ID"", ""D"": ""exit""}",A,科技,基础编程
606,single_choice,"Mysql中表student_info(id,name,birth,sex)，字段类型都是varchar，插入如下记录：('1014' , '张三' , '2002-01-06' , '男'); SQL错误的是（）？","{""A"": ""insert into student_info values('1014' , '张三' , '2002-01-06' , '男');"", ""B"": ""insert into table student_info values('1014' , '张三' , '2002-01-06' , '男');"", ""C"": ""insert into student_info(id,name,birth,sex) values('1014' , '张三' , '2002-01-06' , '男');"", ""D"": ""insert into student_info(id,name,sex,birth) values('1014' , '张三' , '男','2002-01-06' );""}",B,科技,基础编程
607,single_choice,关系完备的系统是指（）。,"{""A"": ""仅支持关系数据结构，不支持集合级的操作"", ""B"": ""仅支持关系数据结构和三种关系操作"", ""C"": ""支持关系数据结构和所有关系代数操作"", ""D"": ""支持关系模型的所有特征""}",C,科技,基础编程
608,single_choice,在E-R图中，实体用（ ）符号表示。,"{""A"": ""椭圆"", ""B"": ""矩形"", ""C"": ""菱形"", ""D"": ""三角形""}",B,科技,基础编程
609,single_choice,下列选项中关于数据库事务的特性描述正确的是（）,"{""A"": ""事务允许继续分割"", ""B"": ""多个事务在执行事务前后对同一个数据读取的结果是不同的"", ""C"": ""一个事务对数据库中数据的改变是暂时的"", ""D"": ""并发访问数据库时，各并发事务之间数据库是独立的""}",D,科技,基础编程
610,single_choice,在sql数据库中，哪个语句能校验整数列 i 的值不小于 1 不大于 10 ？,"{""A"": ""i BETWEEN 1 AND 10"", ""B"": ""i BETWEEN 0 AND 11"", ""C"": ""i IN INTERVAL(0,11)"", ""D"": ""i IN INTERVAL(1,10)""}",A,科技,基础编程
611,single_choice,一个Java源程序文件中定义几个类和接口，则编译该文件后生成几个以.class为后缀的字节码文件。,"{""A"": ""正确"", ""B"": ""错误""}",A,科技,基础编程
612,single_choice,已知某期刊信息库中有作家信息表author（作者编号aid，作者姓名aname，作者笔名ausername，作者邮箱aemail，备注remarks），稿件表manuscript（稿件编号mid，标题mtitle，作者编号aid，交稿时间mtime）现需要设置外键作者编号，下列语句正确的是（）,"{""A"": ""ALTER TABLE manuscript\nADD CONSTRAINT FK_aid\nFOREIGN KEY (aid) REFERENCES author (aid)"", ""B"": ""ALTER TABLE manuscript\nADD CONSTRAINT FK_aid\nFOREIGN KEY (manuscript.aid) REFERENCES author (aid)"", ""C"": ""ALTER TABLE manuscript\nADD FOREIGN KEY (manuscript.aid)\nREFERENCES author (aid)"", ""D"": ""ALTER TABLE manuscript\nADD FOREIGN KEY (aid)\nREFERENCES author (aid)""}",B,科技,基础编程
613,single_choice,视图建立后，在数据字典中存放的是（）。,"{""A"": ""查询语句"", ""B"": ""视图的内容"", ""C"": ""视图的定义"", ""D"": ""产生视图的表的定义""}",C,科技,基础编程
614,single_choice,在查询优化策略中，首先应该让投影操作尽可能早的做，然后再尽可能早的进行选择运算。（         ）,"{""A"": ""正确"", ""B"": ""错误""}",B,科技,基础编程
615,single_choice,下面关于 Kotlin 的说法错误的是（）,"{""A"": ""Kotlin 中的 println() 函数调用了 System.out.println() 函数"", ""B"": ""Kotlin 中声明变量，可以使用 var 或 val 关键字"", ""C"": ""Kotlin 中声明变量必须指定变量的类型"", ""D"": ""Kotlin 中，val 变量赋值后，无法更改使用 val 关键字声明的变量""}",C,科技,基础编程
616,single_choice,"下面代码的输出是什么？ <pre><code>1
2
3
4
5
6
7
8
9
10
11
12
13
14
15
16
17
18
19
20
21
22
23
24
25
26
public

class

Base
{
    
private

String baseName =
""base""
;
    
public

Base()
    
{
        
callName();
    
}

public

void

callName()
    
{
        
System. out. println(baseName);
    
}

static

class

Sub
extends

Base
    
{
        
private

String baseName =
""sub""
;
        
public

void

callName()
        
{
            
System. out. println (baseName) ;
        
}
    
}
    
public

static

void

main(String[] args)
    
{
        
Base b =
new

Sub();
    
}
}</code></pre>","{""A"": ""null"", ""B"": ""sub"", ""C"": ""base""}",A,科技,基础编程
617,single_choice,下图给定的关系R，它满足(   )。,"{""A"": ""1NF"", ""B"": ""2NF"", ""C"": ""3NF"", ""D"": ""BCNF""}",B,科技,基础编程
618,multiple_choice,以下线程安全的有？,"{""A"": ""ArrayList"", ""B"": ""Vector"", ""C"": ""HashMap"", ""D"": ""HashTable""}",BD,科技,基础编程
619,multiple_choice,下面关于Java 中 yield 和 sleep 方法说法错误的是（）,"{""A"": ""yeild 方法调用后当前线程一定会让出 CPU 时间，而导致线程上下文切换"", ""B"": ""sleep 方法会导致当前线程暂停指定的时间，不会导致 CPU 时间片的消耗"", ""C"": ""yield 方法会导致当前线程暂停指定的时间，同时也会导致 CPU 时间片的消耗"", ""D"": ""yield 方法执行后，会使 running 状态的线程变为 waiting 状态""}",ACD,科技,基础编程
620,multiple_choice,以下不同的数据库类型中，哪些不属于关系数据库范畴,"{""A"": ""MongoDB"", ""B"": ""PostgreSQL"", ""C"": ""Redis"", ""D"": ""HBase""}",ACD,科技,基础编程
621,multiple_choice,类之间存在以下几种常见的关系：,"{""A"": ""“USES-A”关系"", ""B"": ""“HAS-A”关系"", ""C"": ""“IS-A”关系"", ""D"": ""“INHERIT-A”关系""}",ABC,科技,基础编程
622,multiple_choice,在MySQL中，关于HASH索引，下列描述正确的是（ ）,"{""A"": ""只用于使用=或者 &lt; = &gt;操作符的等式比较"", ""B"": ""优化器不能使用HASH索引来加速Order By操作"", ""C"": ""如果将一个MyISAM表改为HASH索引的MEMORY表，不会影响查询的执行效率"", ""D"": ""只能使用整个关键字来搜索一行""}",ABD,科技,基础编程
623,multiple_choice,在Java中下面Class的声明哪些是错误的？,"{""A"": ""public abstract final class Test {\nabstract void method();\n}"", ""B"": ""public abstract class Test {\nabstract final void method();\n}"", ""C"": ""public abstract class Test {\nabstract void method() {\n}\n}"", ""D"": ""public class Test {\nfinal void method() {\n}\n}""}",ABC,科技,基础编程
624,multiple_choice,在MySQL中，下列关于触发器的描述正确的是（）,"{""A"": ""MySQL的触发器只支持行级触发，不支持语句级触发"", ""B"": ""触发器可以调用将数据返回客户端的存储程序"", ""C"": ""在MySQL中，使用new和old引用触发器中发生的记录内容"", ""D"": ""在触发器中可以使用显式或者隐式方式开始或结束事务的语句""}",AC,科技,基础编程
625,single_choice,Java Application 源程序的主类是指包含有（ ）方法的类。,"{""A"": ""public static void main方法"", ""B"": ""toString方法"", ""C"": ""init方法"", ""D"": ""actionPerfromed方法""}",A,科技,基础编程
626,single_choice,"数据库系统相关人员是数据系统的重要组成部分，有三类人员：
_________
、应用程序开发人员和最终用户。","{""A"": ""数据库管理员"", ""B"": ""程序员"", ""C"": ""高级程序员"", ""D"": ""软件开发商""}",A,科技,基础编程
627,single_choice,数据模型应满足（）的要求。,"{""A"": ""真实模拟现实世界"", ""B"": ""容易为人们所理解"", ""C"": ""便于在计算机上实现"", ""D"": ""以上都是""}",D,科技,基础编程
628,single_choice,下面语句正确的是（）,"{""A"": ""x+1=5"", ""B"": ""i++=1"", ""C"": ""a++b=1"", ""D"": ""x+=1""}",D,科技,基础编程
629,single_choice,关系模型中，一个关键字是 （  ）。,"{""A"": ""可由多个任意属性组成"", ""B"": ""至多由一个属性组成"", ""C"": ""可由一个或多个其值能惟一标识该关系模式中任何元组的属性组成"", ""D"": ""以上都不是""}",C,科技,基础编程
630,single_choice,泛型在Java中应用广泛，那么下列哪个选项不是泛型的作用（）,"{""A"": ""泛型会在编译时进行更强大的类型检查转换"", ""B"": ""泛型会消除强制类型转换"", ""C"": ""泛型能够提高代码的复用性"", ""D"": ""泛型不能够提高代码的复用性""}",D,科技,基础编程
631,single_choice,下列关于视图说法错误的是？,"{""A"": ""视图是虚表，它在存储时只存储视图的定义，而没有存储对应的数据"", ""B"": ""创建视图用CREATE VIEW"", ""C"": ""修改视图用ALTER VIEW"", ""D"": ""删除视图用DELETE VIEW""}",D,科技,基础编程
632,single_choice,在高并发，事物等场景下，MYSQL5.6数据库默认使用哪种存储引擎？,"{""A"": ""Myisam"", ""B"": ""InnoDB"", ""C"": ""Memory"", ""D"": ""ndbCluster""}",B,科技,基础编程
633,single_choice,"以下java程序代码，执行后的结果是（）
<pre><code>1
2
3
4
5
6
7
8
9
10
public

class

Test {
    
public

static

void

main(String[] args) {   
        
Object o =
new

Object() {  
             
public

boolean

equals(Object obj) {  
                 
return

true
; 
         
}
     
};   
     
System.out.println(o.equals(
""Fred""
));
     
}
}</code></pre>","{""A"": ""Fred"", ""B"": ""true"", ""C"": ""编译错误"", ""D"": ""运行时抛出异常""}",B,科技,基础编程
634,single_choice,在java7中，下列不能做switch()的参数类型是？,"{""A"": ""int型"", ""B"": ""枚举类型"", ""C"": ""字符串"", ""D"": ""浮点型""}",D,科技,基础编程
635,single_choice,下面不属于Object类中方法的是:,"{""A"": ""hashCode()"", ""B"": ""finally()"", ""C"": ""wait()"", ""D"": ""toString()""}",B,科技,基础编程
636,single_choice,数据库三级模式体系结构的划分，有利于保持数据库的 (  )。,"{""A"": ""数据独立性"", ""B"": ""数据安全性"", ""C"": ""结构规范化"", ""D"": ""操作可行性""}",A,科技,基础编程
637,single_choice,在DBS中，负责定义DB结构以及完整性定义、安全授权等工作的用户是（ ）,"{""A"": ""应用程序员"", ""B"": ""数据库设计人员"", ""C"": ""数据库管理员"", ""D"": ""终端用户""}",C,科技,基础编程
638,single_choice,一个文件中的数据要在控制台上显示，首先需要（ ）。,"{""A"": ""System.out.print (buffer[i]);"", ""B"": ""FileOutputStream fout = new FileOutputStream(this.filename);"", ""C"": ""FileInputStream fin = new FileInputStream(this.filename);。"", ""D"": ""System.in.read(buffer)。""}",C,科技,基础编程
639,single_choice,在E-R图中，实体用（ ）符号表示。,"{""A"": ""椭圆"", ""B"": ""矩形"", ""C"": ""菱形"", ""D"": ""三角形""}",B,科技,基础编程
640,single_choice,"数据库的（）
是指数据的正确性和相容性。","{""A"": ""安全性"", ""B"": ""完整性"", ""C"": ""并发控制"", ""D"": ""恢复""}",B,科技,基础编程
641,single_choice,"Mysql中表student_table(id,name,birth,sex)，插入如下记录： ('1001' , '' , '2000-01-01' , '男');
('1002' , null , '2000-12-21' , '男');
('1003' , NULL , '2000-05-20' , '男');
('1004' , '张三' , '2000-08-06' , '男');
('1005' , '李四' , '2001-12-01' , '女');
查询2001年及之后出生的男生、女生总数，正确的SQL是（）？","{""A"": ""select sex,count(*) from student_table group by sex where birth &gt;='2001' ;"", ""B"": ""select count(*) from student_table where birth &gt;='2001' group by sex ;"", ""C"": ""select sex,count(*) from student_table where birth &gt;='2001' group by sex ;"", ""D"": ""select sex,count(*) from student_table group by sex having birth &gt;='2001' ;""}",C,科技,基础编程
642,single_choice,建立Statement对象的作用是？,"{""A"": ""连接数据库"", ""B"": ""声明数据库"", ""C"": ""执行SQL语句"", ""D"": ""保存查询结果""}",C,科技,基础编程
643,single_choice,"如下代码的输出结果是什么？

<pre><code>1
2
3
4
5
6
7
8
9
10
11
12
13
public

class

Test {
    
public

int

aMethod(){
        
static

int

i =
0
;
        
i++;
        
return

i;
    
}
public

static

void

main(String args[]){
    
Test test =
new

Test();
    
test.aMethod();
    
int

j = test.aMethod();
    
System.out.println(j);
    
}
}</code></pre>","{""A"": ""0"", ""B"": ""1"", ""C"": ""2"", ""D"": ""编译失败""}",D,科技,基础编程
644,single_choice,关于PreparedStatement与Statement描述错误的是（）,"{""A"": ""一般而言，PreparedStatement比Statement执行效率更高"", ""B"": ""PreparedStatement会预编译SQL语句"", ""C"": ""Statement每次都会解析/编译SQL，确立并优化数据获取路径"", ""D"": ""Statement执行扫描的结果集比PreparedStatement大""}",D,科技,基础编程
645,single_choice,"下面 Java 代码的运行结果为（）

<pre><code>1
2
3
4
5
6
7
8
9
10
11
12
13
14
15
16
17
public
 
class
 
Test {
    
private
 
int
 
x = 
10
;

class
 
Inner {
        
private
 
int
 
x = 
20
;

public
 
void
 
print() {
            
System.out.println(Test.
this
.x);
        
}
    
}

public
 
static
 
void
 
main(String[] args) {
        
Test outer = 
new
 
Test();
        
Test.Inner inner = outer.
new
 
Inner();
        
inner.print();
    
}
}</code></pre>","{""A"": ""10"", ""B"": ""20"", ""C"": ""编译错误"", ""D"": ""运行错误""}",A,科技,基础编程
646,single_choice,淘宝网上的信息处理系统属于（）,"{""A"": ""B/S 模型"", ""B"": ""C/S 模型"", ""C"": ""分布式模型"", ""D"": ""面向对象模型""}",C,科技,基础编程
647,single_choice,使用什么命令进行查询，并不真正对硬盘上的文件系统进行查找，而是对文件名数据库进行检索，而且可以使用通配符？和*？,"{""A"": ""whereis"", ""B"": ""find"", ""C"": ""locate"", ""D"": ""type""}",C,科技,基础编程
648,single_choice,下列关于视图与基本表的对比正确的是（）。,"{""A"": ""视图的定义功能强于基本表"", ""B"": ""视图的操作功能强于基本表"", ""C"": ""视图的数据控制功能弱于基本表"", ""D"": ""上面提到的三种功能二者均相当""}",A,科技,基础编程
649,single_choice,下图给定的关系R，它满足(   )。,"{""A"": ""1NF"", ""B"": ""2NF"", ""C"": ""3NF"", ""D"": ""BCNF""}",B,科技,基础编程
650,single_choice,在 Linux 中，下面文件及对应作用说法错误的是（）,"{""A"": ""/etc/group：包含系统中的用户组信息，如组名、组ID和组成员"", ""B"": ""/etc/passwd：包含用户的加密密码和其他安全相关的信息"", ""C"": ""/etc/sudoers：sudo配置文件，用于定义哪些用户可以以超级用户权限执行命令"", ""D"": ""/etc/hosts：用于映射主机名与IP地址的关系""}",B,科技,基础编程
651,single_choice,"Linux中，执行下面代码将打印多少个 ""-"" （） <pre><code>1
2
3
4
5
6
7
8
int
 
main(
void
){
    
int
 
i;
    
for
(i=0;i&lt;4;i++){
        
fork();
        
printf
(
""-\n""
);
    
}
    
return
 
0;
}</code></pre>","{""A"": ""16"", ""B"": ""30"", ""C"": ""32"", ""D"": ""15""}",B,科技,基础编程
652,multiple_choice,Java创建对象的说法正确的有（）,"{""A"": ""用new语句创建对象，是最常见的创建对象的方法。"", ""B"": ""运用反射手段,调用java.lang.Class或者java.lang.reflect.Constructor类的newInstance()实例方法。"", ""C"": ""调用对象的clone()方法。"", ""D"": ""运用反序列化手段，调用java.io.ObjectInputStream对象的 readObject()方法。""}",ABCD,科技,基础编程
653,multiple_choice,下面哪些赋值语句是正确的（）,"{""A"": ""long test=012"", ""B"": ""float f=-412"", ""C"": ""int other =(int)true"", ""D"": ""double d=0x12345678"", ""E"": ""byte b=128""}",ABD,科技,基础编程
654,multiple_choice,mysql中查看SQL模式的命令是（）,"{""A"": ""select @@global.sql_mode"", ""B"": ""select global.sql_mode"", ""C"": ""select @@sql_mode"", ""D"": ""select @@session.sql_mode""}",ACD,科技,基础编程
655,single_choice,下列聚合函数中不忽略空值  (null) 的是（）,"{""A"": ""SUM (列名)"", ""B"": ""MAX (列名)"", ""C"": ""COUNT ( * )"", ""D"": ""AVG (列名)""}",C,科技,基础编程
656,single_choice,从学生信息表（student）中提取姓名（name）列值为NULL的记录，下列选项正确的是（）,"{""A"": ""SELECT * FROM student WHERE name IS NOT NULL"", ""B"": ""SELECT name FROM student WHERE IS NULL"", ""C"": ""SELECT name FROM student WHERE it IS NULL"", ""D"": ""SELECT * FROM student WHERE name IS NULL""}",D,科技,基础编程
657,single_choice,设关系R、S、W各有10个元组，那么这三个关系的笛卡尔积的元组个数是（）。,"{""A"": ""10"", ""B"": ""30"", ""C"": ""1000"", ""D"": ""不确定""}",C,科技,基础编程
658,single_choice,下列属于物理备份的优点的是？ I、操作简单 II、恢复简单 III、恢复时间快 IV、任何情况都可以跨平台和版本,"{""A"": ""I、II、III、IV"", ""B"": ""I、II、III"", ""C"": ""I、II、IV"", ""D"": ""II、III、IV""}",B,科技,基础编程
659,single_choice,"在数据库设计中，将
E
－
R
图转换成关系数据模型的过程属于（
）。","{""A"": ""需求分析阶段"", ""B"": ""物理设计阶段"", ""C"": ""逻辑设计阶段"", ""D"": ""概念设计阶段""}",C,科技,基础编程
660,single_choice,在 Linux 的 Shell 下，root 用户的提示符是（）,"{""A"": ""$"", ""B"": ""￥"", ""C"": ""#"", ""D"": ""%""}",C,科技,基础编程
661,single_choice,以下SQL语句不可能返回null的是：（  ）,"{""A"": ""select min(col1) from t1"", ""B"": ""select max(col1) from t1"", ""C"": ""select count(col1) from t1"", ""D"": ""select concat('max=', max(col1)) from t1""}",C,科技,基础编程
662,single_choice,"E-R
图是数据库设计的工具之一，它适用于建立数据库的( )？","{""A"": ""需求模型"", ""B"": ""概念模型"", ""C"": ""逻辑模型"", ""D"": ""物理模型""}",B,科技,基础编程
663,single_choice,"以下程序运行的结果为（）

<pre><code>1
2
3
4
5
6
7
8
9
10
11
12
13
14
15
16
public

class

Example
extends

Thread{
     
@Override
     
public

void

run(){
       
try
{
             
Thread.sleep(
1000
);
             
}
catch

(InterruptedException e){
             
e.printStackTrace();
             
}
             
System.out.print(
""run""
);
     
}
     
public

static

void

main(String[] args){
             
Example example=
new

Example();
             
example.run();
             
System.out.print(
""main""
);
     
}
}</code></pre>","{""A"": ""run main"", ""B"": ""main run"", ""C"": ""main"", ""D"": ""run""}",A,科技,基础编程
664,single_choice,"设有事务T1和T2，其并发操作顺序如下所示（其中 ①②③④⑤ 表示时间从前到后的顺序）
        T1                                                        T2
①READ （A）
②A ：=A*2
③ WRITE （A）
                                                            ④ READ （A）
⑤ ROLLBACK
该并发操作带来的问题是（ ）。","{""A"": ""不一致分析"", ""B"": ""丢失更新"", ""C"": ""读了“脏数据”"", ""D"": ""写错误""}",C,科技,基础编程
665,single_choice,"如果一个list初始化为{5，3，1}，执行以下代码后，其结果为（）？ <pre><code>1
2
3
nums.add(
6
);
nums.add(
0
,
4
);
nums.remove(
1
);</code></pre>","{""A"": ""[5, 3, 1, 6]"", ""B"": ""[4, 3, 1, 6]"", ""C"": ""[4, 3, 6]"", ""D"": ""[5, 3, 6]""}",B,科技,基础编程
666,single_choice,对于Java中异常的描述正确的是（ ）,"{""A"": ""用throws定义了方法可能抛出的异常，那么调用此方法时一定会抛出此异常。"", ""B"": ""如果try块中没有抛出异常，finally块中的语句将不会被执行。"", ""C"": ""抛出异常意味着程序发生运行时错误，需要调试修改"", ""D"": ""Java中的非检测（unchecked）异常可能来自RuntimeException类或其子类。""}",D,科技,基础编程
667,single_choice,在关系数据库设计中，关系模式是用来记录用户数据的（  ）。,"{""A"": ""二维表"", ""B"": ""视图"", ""C"": ""属性"", ""D"": ""实体""}",A,科技,基础编程
668,single_choice,"下面 Java 代码的运行结果为（）

<pre><code>1
2
3
4
5
6
7
8
public
 
static
 
void
 
main(String[] args) {
    
int
[] arr = {
2
, 
3
, 
4
, 
5
};
    
int
 
sum = 
0
;
    
for
 
(
int
 
i : arr) {
        
sum += i;
    
}
    
System.out.println(sum / arr.length);
}</code></pre>","{""A"": ""3"", ""B"": ""3.5"", ""C"": ""4"", ""D"": ""4.5""}",A,科技,基础编程
669,single_choice,"列表(List)和集合(Set)下面说法正确的是？  (
)","{""A"": ""Set中至多只能有一个空元素"", ""B"": ""List中至多只能有一个空元素"", ""C"": ""List和Set都可以包含重复元素的有序集合"", ""D"": ""List和Set都是有序集合""}",A,科技,基础编程
670,single_choice,当关系 S 自然联接时，能够把 S 原该舍弃的元组放到结果关系中的操作是 (    ),"{""A"": ""左外连接"", ""B"": ""右外连接"", ""C"": ""外部并"", ""D"": ""外连接""}",D,科技,基础编程
671,single_choice,"已知两个关系如下：

<table>
<tbody>
<tr>
<td>
R

</td><td>
A

</td><td>
B

</td><td>
C

</td></tr>
<tr>
<td>

</td><td>
1

</td><td>
b1

</td><td>
c1

</td></tr>
<tr>
<td>

</td><td>
2

</td><td>
b2

</td><td>
c2

</td></tr>
<tr>
<td>

</td><td>
3

</td><td>
b1

</td><td>
c1

</td></tr>
</tbody>
</table>

<table>
<tbody>
<tr>
<td>
S

</td><td>
D

</td><td>
E

</td><td>
A

</td></tr>
<tr>
<td>

</td><td>
d1

</td><td>
e1

</td><td>
1

</td></tr>
<tr>
<td>

</td><td>
d2

</td><td>
e2

</td><td>
1

</td></tr>
<tr>
<td>

</td><td>
d3

</td><td>
e1

</td><td>
2

</td></tr>
</tbody>
</table>

假设
R
的主键是
A
，
S
的主键是
D
，在关系
S
的定义中包含外键子句：

“
FOREIGN KEY (A) REFERENCES R(A) ON DELETE NO ACTION
”，

下列
SQL
语句不能成功执行的是
（
）。","{""A"": ""DELETE　FROM　R　WHERE　A＝2"", ""B"": ""DELETE　FROM　R　WHERE　A＝3"", ""C"": ""DELETE　FROM　S　WHERE　A＝1"", ""D"": ""DELETE　FROM　S　WHERE　A＝2""}",A,科技,基础编程
672,single_choice,已知某期刊信息库中有作家信息表author（作者编号aid，作者姓名aname，作者笔名ausername，作者邮箱aemail，备注remarks），稿件表manuscript（稿件编号mid，标题mtitle，作者编号aid，交稿时间mtime）现需要设置外键作者编号，下列语句正确的是（）,"{""A"": ""ALTER TABLE manuscript\nADD CONSTRAINT FK_aid\nFOREIGN KEY (aid) REFERENCES author (aid)"", ""B"": ""ALTER TABLE manuscript\nADD CONSTRAINT FK_aid\nFOREIGN KEY (manuscript.aid) REFERENCES author (aid)"", ""C"": ""ALTER TABLE manuscript\nADD FOREIGN KEY (manuscript.aid)\nREFERENCES author (aid)"", ""D"": ""ALTER TABLE manuscript\nADD FOREIGN KEY (aid)\nREFERENCES author (aid)""}",B,科技,基础编程
673,single_choice,"有一张学生成绩表sc（sno 学号，class 课程，score 成绩），示例如下：
请问哪个语句可以查询出每个学生的英语、数学的成绩（行转列，一个学生输出一行记录，比如输出[1, 89, 90]）？","{""A"": ""select sno,class,score from sc where class in('english','math')"", ""B"": ""select sno,\nif(class='english',score,0),\nif(class='math',score,0)\nfrom sc\nwhere class in('english','math')"", ""C"": ""select sno,\ncase when class='english' then score else 0 end ,\ncase when class='math' then score else 0 end\nfrom sc\nwhere class in('english','math')"", ""D"": ""select sno,\nsum(if(class='english',score,0)) as english,\nsum( if(class='math',score,0) ) as math\nfrom sc\nwhere class in('english','math')\ngroup by sno""}",D,科技,基础编程
674,single_choice,"给出数据表score(stu_id,name,math,english,chinese)，下列语句正确的是（）","{""A"": ""select *,sum(english) from score"", ""B"": ""delete * from score"", ""C"": ""select stu_id,sum(math) from score"", ""D"": ""select sum(math),avg(chinese) from score""}",D,科技,基础编程
675,single_choice,关于MySQL常见索引的描述正确是（）,"{""A"": ""创建UNIQUE索引，索引列的值必须唯一，不允许有空值"", ""B"": ""一个表中可以创建多个全文索引"", ""C"": ""为提高效率可建立组合索引，遵循“最左前缀”原则"", ""D"": ""使用非聚集索引需要将物理数据页中的数据按列重新排序""}",C,科技,基础编程
676,single_choice,下面有关maven和ant的描述，描述错误的是？,"{""A"": ""Ant 没有正式的约定如一个一般项目的目录结构，你必须明确的告诉 Ant 哪里去找源代码"", ""B"": ""Maven 拥有约定，因为你遵循了约定，它已经知道你的源代码在哪里"", ""C"": ""maven和ant都有“生命周期”的概念，当你输入一个命令后，maven或者ant会执行一系列的有序的步骤，直到到达你指定的生命周期"", ""D"": ""Ant构建文件默认命名为build.xml，Maven默认构建文件为pom.xml""}",C,科技,基础编程
677,single_choice,Linux 用户磁盘配额配置文件 aquota.user 的默认访问权限是（）,"{""A"": ""755"", ""B"": ""644"", ""C"": ""700"", ""D"": ""600""}",D,科技,基础编程
678,single_choice,使用什么命令进行查询，并不真正对硬盘上的文件系统进行查找，而是对文件名数据库进行检索，而且可以使用通配符？和*？,"{""A"": ""whereis"", ""B"": ""find"", ""C"": ""locate"", ""D"": ""type""}",C,科技,基础编程
679,single_choice,ServletConfig接口默认是哪里实现的？,"{""A"": ""Servlet"", ""B"": ""GenericServlet"", ""C"": ""HttpServlet"", ""D"": ""用户自定义servlet""}",B,科技,基础编程
680,multiple_choice,下列关于修饰符混用的说法，错误的包括（ ）,"{""A"": ""abstract不能与final并列修饰同一个类"", ""B"": ""abstract类中可以有private的成员"", ""C"": ""abstract方法必须在abstract类中0"", ""D"": ""static方法中能处理非static的成员变量""}",CD,科技,基础编程
681,multiple_choice,下面有关java类加载器，说法正确的是？,"{""A"": ""引导类加载器（bootstrap class loader）：它用来加载 Java 的核心库，是用原生代码来实现的"", ""B"": ""扩展类加载器（extensions class loader）：它用来加载 Java 的扩展库。"", ""C"": ""系统类加载器（system class loader）：它根据 Java 应用的类路径（CLASSPATH）来加载 Java 类"", ""D"": ""tomcat为每个App创建一个Loader，里面保存着此WebApp的ClassLoader。需要加载WebApp下的类时，就取出ClassLoader来使用""}",ABCD,科技,基础编程
682,multiple_choice,下面关于 Java 中相关流的说法错误的是（）,"{""A"": ""从 BufferedReader 对象读取一个字符或字符串可以使用 read() 方法"", ""B"": ""FileInputStream 用于从文件读取数据，它的对象可以用关键字 new 来创建"", ""C"": ""File 类中可以用 mkdir() 或是 mkdirs() 方法来创建文件夹"", ""D"": ""控制台的输出由 print( ) 和 println() 完成，这些方法都由类 PrintWriter 定义，System.out 是该类对象的一个引用""}",AD,科技,基础编程
683,multiple_choice,在Linux系统中，以下哪个命令用于查看当前系统的负载情况？（）,"{""A"": ""top"", ""B"": ""uptime"", ""C"": ""ps"", ""D"": ""netstat""}",AB,科技,基础编程
684,multiple_choice,在Linux上，对于多进程，子进程继承了父进程的下列哪些？,"{""A"": ""进程地址空间"", ""B"": ""共享内存"", ""C"": ""信号掩码"", ""D"": ""已打开的文件描述符"", ""E"": ""以上都不是""}",BCD,科技,基础编程
